date,region,gender,age,income,expenses,income_per_age,log_expenses
2020-01-01,West,Female,42.0,47000.90227114447,29462.554910308747,1119.0691016939159,10.290909351789947
2020-01-02,Unknown,Male,44.0,51125.25802634777,38129.5711236565,1161.937682416995,10.548771631067694
2020-01-03,East,Female,46.0,73133.83919072749,20459.382522536776,1589.8660693636411,9.926245735447015
2020-01-04,Unknown,Male,48.0,77067.45632542414,20463.95386980302,1605.5720067796694,9.926469134821986
2020-01-05,Unknown,Other,46.0,39713.93619817483,19307.49406047842,863.3464390907571,9.868300384834942
2020-01-06,South,Other,45.0,54132.87316202797,10634.812654918842,1202.9527369339548,9.271982137965473
2020-01-07,East,Male,33.0,30123.85293595929,25197.97625852981,912.8440283624027,10.134558648012796
2020-01-08,East,Male,31.0,66095.7823850469,37140.86112952531,2132.1220124208676,10.522499944839254
2020-01-09,East,Male,48.0,65705.13761964971,31739.160838337622,1368.8570337427025,10.365338061437997
2020-01-11,West,Male,49.0,50253.27587629843,31290.64798240169,1025.577058699968,10.351106503297803
2020-01-12,East,Other,19.0,48593.518257159936,25110.18512570842,2557.553592482102,10.131068648397823
2020-01-13,Unknown,Female,33.0,25723.132494795864,10521.133627365278,779.4888634786626,9.261236282016732
2020-01-14,South,Other,62.0,51125.25802634777,37837.187818145656,824.600935908835,10.54107413137805
2020-01-15,West,Other,46.0,38495.701416763535,40711.24573784651,836.8630742774682,10.614284204255721
2020-01-16,South,Female,43.0,38597.76091613119,22718.43223932213,897.6223468867719,10.03097588305639
2020-01-17,West,Other,48.0,47743.702183072506,28491.643793934443,994.6604621473439,10.25740122044645
2020-01-18,Unknown,Male,66.0,64933.228780434176,27630.0082893984,983.8367997035481,10.22669390981038
2020-01-19,North,Male,63.0,41130.45177361954,33512.88809424541,652.8643138669769,10.419715201880242
2020-01-20,West,Other,21.0,51125.25802634777,46898.9345662629,2434.536096492751,10.755771559257767
2020-01-21,South,Male,25.0,36695.02908905699,41597.912452893055,1467.8011635622795,10.63582930294832
2020-01-22,Unknown,Other,20.0,56362.106286184855,26230.85774586104,2818.1053143092427,10.17472989558591
2020-01-23,West,Male,31.0,82846.25431713779,35424.63861500237,2672.459816681864,10.47519109163711
2020-01-25,North,Other,42.0,30552.473487787563,34083.45164394778,727.439844947323,10.436596595768039
2020-01-26,East,Male,21.0,27311.06748741776,29953.00595559828,1300.5270232103696,10.307418349377128
2020-01-27,East,Other,17.0,25449.125130509885,34460.00094667186,1497.0073606182286,10.447583556284332
2020-01-28,South,Male,30.0,68085.37190122146,22967.284774365267,2269.512396707382,10.041869620468605
2020-01-29,West,Male,50.0,72420.3286304657,24427.18875895919,1448.4065726093138,10.10349302146886
2020-01-30,West,Female,53.0,52666.33840370604,19359.65764798903,993.7044981831328,9.870998329674542
2020-02-01,West,Other,39.0,51125.25802634777,28685.970939777617,1310.9040519576351,10.26419832444644
2020-02-02,West,Female,40.0,52608.62062484757,21768.819386519204,1315.2155156211893,9.988279857755005
2020-02-03,North,Other,52.0,66341.55064040651,28358.205883794948,1275.7990507770483,10.252706978977397
2020-02-04,East,Female,40.0,51125.25802634777,34699.9826076317,1278.1314506586943,10.45452328275684
2020-02-05,Unknown,Male,44.0,50663.65781335661,49147.12305997992,1151.4467684853773,10.802593936849792
2020-02-06,East,Other,47.0,31439.875318294307,40120.678647038585,668.9335174105172,10.599672081854578
2020-02-07,Unknown,Other,29.0,59438.734578403775,7158.521425176597,2049.611537186337,8.87619841766166
2020-02-08,North,Male,59.0,52864.066261599735,32393.084668203457,896.0011230779617,10.3857311131431
2020-02-09,South,Other,39.0,36581.55151379324,44293.242627128544,937.9885003536727,10.698609984317033
2020-02-10,West,Other,41.0,36783.39275710308,16621.265087897675,897.1559209049532,9.718498346000343
2020-02-12,West,Other,30.0,79575.03125692725,27633.57814468954,2652.501041897575,10.226823098896263
2020-02-13,South,Male,13.0,46802.96994999018,41502.90530916161,3600.2284576915526,10.63354280562652
2020-02-14,South,Female,40.0,51016.30359143244,34042.57195013452,1275.407589785811,10.435396511087378
2020-02-15,North,Female,70.0,56001.71711972325,21159.845454407936,800.0245302817608,9.959907840486327
2020-02-16,South,Male,27.0,52220.47637239531,27991.485217093803,1934.0917174961226,10.23969136803182
2020-02-17,Unknown,Male,75.0,24885.534191920546,28583.04323952377,331.8071225589406,10.260603912419837
2020-02-18,South,Female,56.0,56418.06015785579,28768.217851899502,1007.4653599617105,10.267061269936885
2020-02-19,West,Other,34.0,18681.66448099087,41192.629447752624,549.4607200291432,10.626038898327383
2020-02-20,West,Female,40.0,39009.73713113571,21573.8007860977,975.2434282783928,9.979281282356169
2020-02-21,West,Male,38.0,57581.40719937227,40030.51309661184,1515.300189457165,10.59742225033825
2020-02-22,West,Female,60.0,58999.91311887256,26977.5032407848,983.3318853145427,10.20279565160258
2020-02-23,Unknown,Male,46.0,37848.90373685765,32235.11106329165,822.8022551490793,10.380842564757106
2020-02-24,East,Female,54.0,43123.44589719624,30723.77586281034,798.58233142956,10.33282463946248
2020-02-25,North,Other,44.0,41092.45236502319,29781.946619181654,933.9193719323453,10.30169124758833
2020-02-26,West,Female,38.0,48457.33755295895,29863.97165554678,1275.1930934989196,10.304441556079961
2020-02-27,South,Female,43.0,49598.08480046505,44573.585582710206,1153.4438325689546,10.704919145609272
2020-02-28,West,Male,35.0,60027.021942936655,38424.499249061446,1715.05776979819,10.556476561141166
2020-03-01,South,Male,49.0,55600.942878703325,45827.87254122092,1134.7131199735372,10.732669576310773
2020-03-02,West,Female,21.0,57605.23646730787,32746.81073992853,2743.106498443232,10.396591391193224
2020-03-03,Unknown,Other,36.0,52974.34066057798,33576.242593238945,1471.5094627938329,10.421603812704824
2020-03-04,South,Male,34.0,51125.25802634777,21626.809206686085,1503.6840595984638,9.981735228874586
2020-03-05,South,Male,47.0,52709.6819641316,25025.0134159486,1121.4825949815236,10.127671099505276
2020-03-06,West,Female,58.0,61276.10410090364,23114.96492072824,1056.484553463856,10.048278779904429
2020-03-07,South,Male,54.0,62587.77301574468,30860.72864993675,1159.0328336249015,10.337272140224432
2020-03-08,South,Other,48.0,77230.59027240358,36387.83079448209,1608.9706306750747,10.502017160232436
2020-03-09,West,Other,32.0,35149.60645540607,33672.32299422214,1098.4252017314398,10.424461200312374
2020-03-10,West,Male,37.0,43399.88913506896,45880.44156069582,1172.9699766234853,10.733815990991546
2020-03-11,North,Male,36.0,25797.970095973968,21122.419947887647,716.6102804437213,9.958137654061796
2020-03-12,Unknown,Female,34.0,51125.25802634777,31148.69043538882,1503.6840595984638,10.34655958629748
2020-03-13,Unknown,Other,35.0,51125.25802634777,17170.606707017054,1460.7216578956507,9.751012525926862
2020-03-14,South,Other,34.0,53092.8647304399,20781.290283967377,1561.5548450129381,9.941856474362744
2020-03-16,South,Female,51.0,45099.44007533262,25368.351335285344,884.3027465751494,10.141297084086927
2020-03-17,North,Other,27.0,51125.25802634777,21966.36203939729,1893.5280750499176,9.997313087136202
2020-03-18,West,Other,31.0,60413.50115728975,8700.231244170529,1948.8226179770886,9.071219816947789
2020-03-19,West,Female,20.0,48327.169135115815,21866.453522110824,2416.358456755791,9.992754669859526
2020-03-20,West,Female,56.0,61517.20879214595,27947.19725805021,1098.5215855740348,10.238107977685583
2020-03-21,Unknown,Other,30.0,61848.50120056811,16425.970402137893,2061.6167066856037,9.706679799758234
2020-03-22,North,Other,47.0,44128.617249698975,27372.166110175312,938.9067499935952,10.217318473465657
2020-03-23,Unknown,Female,40.0,51125.25802634777,42706.31060658224,1278.1314506586943,10.662125393147264
2020-03-24,Unknown,Other,55.0,36512.57559496941,22926.946596716676,663.8650108176256,10.040111820892031
2020-03-25,North,Male,37.0,51125.25802634777,20566.16950630064,1381.7637304418317,9.931451370179358
2020-03-26,North,Male,28.0,67466.51968989361,18760.985331349068,2409.518560353343,9.83958804485791
2020-03-27,North,Female,21.0,70071.72824671521,18582.359074842,3336.748964129296,9.830021785846588
2020-03-28,North,Female,6.0,73795.60820238525,35355.774468884294,12299.268033730876,10.473245292819431
2020-03-29,West,Female,41.0,19706.66676534247,30486.687368830502,480.65040891079195,10.325078188264389
2020-03-31,East,Other,45.0,83182.86964077028,50198.37891654256,1848.5082142393396,10.823757933422858
2020-04-01,North,Male,21.0,66679.81570715967,11696.08868090852,3175.2293193885553,9.367095259130775
2020-04-02,East,Other,52.0,17731.555731939956,33800.78708441773,340.9914563834607,10.42826895239347
2020-04-03,East,Male,31.0,76524.47462595158,18813.806655664404,2468.5314395468254,9.842399426900563
2020-04-04,North,Other,29.0,50625.33555697912,37888.99298033451,1745.7012261027282,10.542442318748298
2020-04-05,East,Male,31.0,46514.01340249293,27280.87998926564,1500.4520452417073,10.213978024145423
2020-04-06,Unknown,Female,40.0,56766.42944874468,30273.227608641733,1419.160736218617,10.318052055581946
2020-04-07,South,Male,22.0,34264.8961614427,17168.22572070192,1557.4952800655774,9.750873857982574
2020-04-08,South,Other,39.0,50041.73556382368,25735.729748868325,1283.1214247134276,10.155674423695146
2020-04-09,North,Male,40.0,74306.4446765611,30896.622511082594,1857.6611169140276,10.338434518536783
2020-04-11,North,Male,42.0,50876.02208154002,22054.39472591445,1211.3338590842861,10.001312509722545
2020-04-13,South,Male,41.0,32279.09025051798,39442.896421822814,787.2948841589752,10.582634597493564
2020-04-14,North,Female,40.0,47750.18162900412,21406.597163006893,1193.754540725103,9.971501145626792
2020-04-15,Unknown,Female,26.0,25485.569965553488,41423.85143974126,980.214229444365,10.631636256041894
2020-04-16,East,Male,23.0,65336.61428590716,29909.13425273744,2840.7223602568333,10.305952640170839
2020-04-17,West,Male,17.0,17214.342762869863,33031.22961591843,1012.6083978158742,10.405239018859229
2020-04-18,East,Male,33.0,62823.50569431065,33675.22302509371,1903.7425967972922,10.42454731910737
2020-04-19,East,Other,53.0,64691.16351251093,23837.79446593392,1220.5879908020931,10.079069552196582
2020-04-20,North,Male,67.0,69781.46923590792,33898.86819472395,1041.5144662075809,10.431166405299743
2020-04-21,East,Female,33.0,51302.88744742704,22276.302156857,1554.6329529523346,10.01132359859712
2020-04-22,Unknown,Male,53.0,63749.42699236293,24978.9699590112,1202.819377214395,10.125829581077213
2020-04-23,East,Other,35.0,47603.80039452176,35586.90966033276,1360.1085827006216,10.479761242874664
2020-04-24,North,Male,20.0,32199.543234681,32933.93955641903,1609.97716173405,10.40228936583458
2020-04-25,Unknown,Other,48.0,72960.98588806993,29250.350491609523,1520.0205393347903,10.283681022247487
2020-04-26,South,Other,42.0,48546.71255577388,17412.683507369893,1155.8741084708065,9.765011584615033
2020-04-27,East,Male,61.0,28857.33023790209,19908.4171065037,473.0709875065916,9.89894812021098
2020-04-28,North,Female,21.0,42997.77581315327,32767.090439049847,2047.5131339596794,10.39721046837614
2020-04-29,South,Other,73.0,43590.12976147743,37321.40563485116,597.1250652257182,10.527349112552955
2020-04-30,South,Male,59.0,56925.453771863184,18903.54495479243,964.8381995231048,9.847157645937086
2020-05-01,West,Male,39.0,85205.71225059096,21601.747525478324,2184.7618525792554,9.980575785836615
2020-05-02,Unknown,Female,36.0,57836.27919923848,31341.851741777195,1606.5633110899578,10.352741505445424
2020-05-03,East,Other,31.0,53102.65777994788,31127.87862629093,1712.98896064348,10.345891240502574
2020-05-04,North,Other,41.0,86836.64299343832,13760.427912389589,2117.9669022789835,9.529624878806052
2020-05-05,West,Male,37.0,64683.40309869088,31615.63013439989,1748.200083748402,10.361438531219418
2020-05-06,Unknown,Male,46.0,51125.25802634777,24016.321897697813,1111.4186527466907,10.086530594734292
2020-05-07,West,Female,36.0,51125.25802634777,46410.46629728958,1420.1460562874381,10.745301826161674
2020-05-08,Unknown,Female,56.0,54743.00114306841,32491.98542735656,977.5535918405074,10.38877951201812
2020-05-09,Unknown,Other,41.0,49004.14393860295,34214.734498759026,1195.223022892755,10.440440890312663
2020-05-10,East,Other,36.0,51371.511913384944,34473.59302190611,1426.9864420384706,10.44797789757097
2020-05-11,Unknown,Male,52.0,69716.03637154208,17860.72619347436,1340.6930071450402,9.790415501130392
2020-05-12,West,Other,20.0,41895.16725293768,49438.76893108603,2094.758362646884,10.808510418396663
2020-05-13,Unknown,Female,44.0,57703.1106224527,13770.887525488266,1311.4343323284704,9.53038465752761
2020-05-14,East,Female,40.0,64234.09984756391,37957.03141699742,1605.8524961890978,10.544236391974414
2020-05-15,East,Male,23.0,40068.31224763386,36186.639374806495,1742.10053250582,10.496472885770634
2020-05-16,West,Female,19.0,37660.678767663485,25229.9762008704,1982.1409877717624,10.135827732954377
2020-05-17,South,Female,52.0,47744.87116128645,36664.503167133895,918.1705992555087,10.50959162379754
2020-05-18,South,Female,51.0,43075.55614615309,26824.268011762622,844.6187479637861,10.19709955856782
2020-05-19,Unknown,Female,42.0,67284.98913112257,23245.385551442218,1602.0235507410134,10.053904938777297
2020-05-20,North,Male,60.0,34973.475821530184,34695.59169352928,582.8912636921698,10.454396739022352
2020-05-21,Unknown,Male,45.0,51027.07052793005,19934.390089120978,1133.9349006206678,9.900251827676222
2020-05-22,West,Other,54.0,88190.72500106713,27757.448412424303,1633.1615740938357,10.231295520134477
2020-05-23,West,Female,45.0,51125.25802634777,24058.232512700422,1136.1168450299506,10.088274090129632
2020-05-24,West,Other,36.0,58689.35216457328,26640.20490427055,1630.2597823492579,10.190214352770804
2020-05-26,West,Male,32.0,43055.76401861961,24056.33627653794,1345.4926255818627,10.088195271701338
2020-05-27,East,Male,36.0,33778.70556881894,28076.760869276357,938.2973769116373,10.242733113837618
2020-05-28,South,Male,56.0,52647.66914244117,24968.547480984183,940.1369489721637,10.125412260601962
2020-05-29,West,Male,49.0,53981.05742522806,44439.96665574546,1101.6542331679195,10.701916995446462
2020-05-30,North,Male,43.0,25726.838079302583,33426.1239821389,598.298559983781,10.417122944667462
2020-05-31,North,Male,50.0,55626.07872024167,32200.696329667197,1112.5215744048335,10.379774411190468
2020-06-01,North,Female,46.0,66047.75748051559,36834.18504623424,1435.8208147938171,10.514208782756644
2020-06-02,North,Other,40.0,36305.77890463986,24058.65423225113,907.6444726159965,10.088291618363524
2020-06-03,East,Male,22.0,56533.3377256222,38592.5722499984,2569.697169346464,10.560841019565824
2020-06-04,North,Female,53.0,63383.95490555201,33461.777458327415,1195.9236774632454,10.418188979414028
2020-06-05,West,Female,34.0,58800.1731279512,14391.090972459346,1729.4168567044471,9.574434096653981
2020-06-06,Unknown,Other,53.0,60215.09358112336,15719.691668992353,1136.1338411532709,9.662733064315026
2020-06-08,East,Other,31.0,33087.43493389106,16789.935041348297,1067.3366107706795,9.72859443889308
2020-06-09,East,Male,51.0,43292.80306424131,27617.215393004168,848.8784914557119,10.226230812022928
2020-06-10,North,Female,35.0,41209.143471940624,19862.62008584136,1177.4040991983036,9.89664520124198
2020-06-11,Unknown,Female,35.0,48796.11430688681,29022.76946929081,1394.1746944824804,10.27587041012184
2020-06-12,North,Female,43.0,66399.06358189895,44117.09375931456,1544.1642693464873,10.694625266616148
2020-06-13,East,Female,43.0,30322.39807753747,29506.23096443815,705.1720483148249,10.292390629730122
2020-06-14,South,Other,40.0,52163.750342260864,26970.355450980715,1304.0937585565216,10.202530672600995
2020-06-15,West,Male,23.0,34048.97531723221,33882.42647785344,1480.390231184009,10.43068127936208
2020-06-16,East,Male,38.0,51125.25802634777,23035.802070773963,1345.401527009152,10.044848306164807
2020-06-17,North,Other,40.0,58381.11128917763,38434.14309396,1459.5277822294406,10.55672750478814
2020-06-18,West,Male,6.0,32150.82419951451,34952.12953124112,5358.470699919085,10.46176328675024
2020-06-19,North,Female,50.0,61013.66434554468,30388.65562048564,1220.2732869108936,10.3218575538455
2020-06-20,North,Male,52.0,51125.25802634777,31543.158316335863,983.1780389682264,10.35914369444976
2020-06-21,South,Female,23.0,60004.7060515724,50417.45910562852,2608.9002631118433,10.828112639101336
2020-06-22,West,Other,34.0,26757.03095632232,39423.12210267868,786.9714987153624,10.582133144054556
2020-06-23,West,Male,40.0,40732.80981115077,51995.26631161334,1018.3202452787693,10.858927193285956
2020-06-24,South,Other,62.0,78447.41574694341,35320.30193292452,1265.2808991442487,10.472241515106623
2020-06-25,East,Male,53.0,75628.1955465033,15283.085573293118,1426.947085783081,9.634567407431849
2020-06-26,North,Female,53.0,43812.13021224282,27378.26297136159,826.6439662687324,10.217541179976172
2020-06-27,Unknown,Other,41.0,55849.40879044852,12997.95125451934,1362.1807022060614,9.472623960460172
2020-06-28,North,Male,55.0,68061.02028327326,35283.030346669184,1237.4730960595139,10.471185742447135
2020-06-29,North,Female,39.0,60219.44261630707,37454.04197345402,1544.0882722130018,10.530896612018227
2020-06-30,East,Other,56.0,45898.03630317764,21140.84004040721,819.6077911281722,9.959009296336843
2020-07-01,North,Other,38.0,38770.470289455,23443.636203531467,1020.2755339330263,10.062397014386084
2020-07-02,South,Male,31.0,63021.54714436895,31487.508962352156,2032.953133689321,10.357377963413935
2020-07-03,South,Male,61.0,66960.54962921752,18018.95936735782,1097.7139283478282,9.79923527629618
2020-07-04,West,Male,39.0,75735.52751591582,17268.40230757467,1941.9366029722005,9.75669156183162
2020-07-05,Unknown,Female,29.0,24691.258648203933,42386.32048041121,851.4227120070321,10.654604551223775
2020-07-06,North,Male,40.0,31203.128176984213,31147.106181639683,780.0782044246054,10.346508725630313
2020-07-07,North,Other,29.0,67428.8540322062,24418.90642294044,2325.132897662283,10.103153915672932
2020-07-09,South,Male,38.0,68578.24932367899,38523.51356894472,1804.6907716757628,10.559050033734684
2020-07-10,Unknown,Male,67.0,51125.25802634777,23154.817877830308,763.0635526320563,10.050001340158046
2020-07-11,West,Other,54.0,42186.29270994973,48606.84445870538,781.2276427768469,10.791540205478952
2020-07-12,South,Female,43.0,53081.42894407204,38593.100976934445,1234.4518359086521,10.560854719342329
2020-07-13,West,Male,56.0,29819.47321646752,21918.58145592731,532.4905931512056,9.995135646715756
2020-07-14,East,Male,34.0,62360.22245897527,22845.283028685284,1834.124189969861,10.036543714761551
2020-07-15,East,Other,17.0,75344.55496542045,47218.51162944332,4432.032645024732,10.762562468134586
2020-07-16,North,Male,28.0,63058.64323721362,29157.405531654957,2252.0944013290577,10.280498504643191
2020-07-17,Unknown,Female,40.0,46302.369611687885,24866.8877167663,1157.559240292197,10.121332600209593
2020-07-19,South,Male,49.0,27506.188156956006,24820.873499462097,561.3507787133879,10.119480539369256
2020-07-20,East,Other,40.0,30055.350466410386,32410.48477108165,751.3837616602597,10.386268107214656
2020-07-21,North,Male,48.0,49815.82584331524,29241.76378481737,1037.8297050690674,10.283387430081506
2020-07-22,North,Male,58.0,51701.000949089066,38755.079805115085,891.3965680877425,10.565042920670777
2020-07-23,West,Male,40.0,63026.65266111493,26114.258967608734,1575.6663165278733,10.170275057252736
2020-07-24,East,Female,46.0,51125.25802634777,21151.83633310353,1111.4186527466907,9.959529281067166
2020-07-25,Unknown,Female,18.0,51125.25802634777,26510.153033764145,2840.2921125748762,10.18532079263236
2020-07-26,East,Other,38.0,60416.09478418057,26449.16101775954,1589.8972311626464,10.183017524895876
2020-07-27,West,Male,25.0,45097.45560406797,29224.661848060063,1803.8982241627186,10.282802432724045
2020-07-28,West,Male,41.0,32153.576874018498,36345.40288057225,784.2335822931341,10.500850520171538
2020-07-30,West,Male,42.0,45498.59058143924,41996.58675858568,1083.2997757485532,10.645367437485811
2020-07-31,East,Female,34.0,49699.71650983357,21885.10322266476,1461.7563679362813,9.993607158345991
2020-08-01,South,Male,67.0,55754.17956181898,33887.201230511084,832.1519337584922,10.430822186488763
2020-08-02,East,Other,24.0,36302.01641327583,37273.19847020715,1512.5840172198261,10.526056636255054
2020-08-03,East,Male,24.0,45767.29131462127,23257.79593688136,1906.9704714425527,10.054438659336451
2020-08-04,West,Male,59.0,62979.7535303057,27923.68947017621,1067.4534496661984,10.237266503738642
2020-08-05,West,Female,31.0,61461.441177444125,12500.22125781203,1982.6271347562622,9.43358161914296
2020-08-06,North,Male,28.0,51125.25802634777,39068.57695125735,1825.9020723695633,10.573099360021653
2020-08-07,North,Male,67.0,32672.303732893524,27845.017976801308,487.6463243715451,10.234445254048326
2020-08-08,South,Female,51.0,46451.29473906288,38065.64176681,910.8097007659389,10.547093633423902
2020-08-09,North,Other,32.0,44054.09247428292,32060.49517879513,1376.6903898213413,10.37541106196925
2020-08-10,East,Other,42.0,56377.68263412052,28148.347710251262,1342.3257770028697,10.245279461372233
2020-08-11,West,Female,63.0,55034.86984473347,14071.972006475142,873.569362614817,9.552011357829176
2020-08-12,North,Female,48.0,52331.40996114405,15850.4738928356,1090.2377075238344,9.671017765066383
2020-08-13,North,Female,40.0,86986.00933129893,4068.538156582578,2174.6502332824734,8.311284796956725
2020-08-14,South,Female,49.0,45637.90879783944,24373.86517171344,931.3858938334579,10.101307764433866
2020-08-15,South,Female,40.0,43882.65370897183,52782.48703181248,1097.0663427242957,10.873953675169634
2020-08-17,West,Other,40.0,26932.29011106694,3685.681165800939,673.3072527766735,8.21248191925788
2020-08-18,South,Female,43.0,51125.25802634777,39626.68919585532,1188.959488984832,10.587283375018238
2020-08-19,North,Male,48.0,39219.77111835081,53637.17869296701,817.0785649656418,10.890016382549339
2020-08-20,West,Female,36.0,69651.09641656779,32979.21065259803,1934.7526782379941,10.403662983376334
2020-08-21,West,Male,41.0,50587.458565427885,32887.3239471996,1233.8404528153142,10.400872978541354
2020-08-22,North,Female,36.0,52899.960004291,26901.179263562488,1469.443333452528,10.199962575823847
2020-08-23,South,Female,41.0,48555.90037696855,12057.4276948994,1184.290253096794,9.397519088224541
2020-08-24,North,Other,24.0,55479.51489532683,15492.880822565236,2311.6464539719514,9.648200439318018
2020-08-25,West,Male,40.0,51125.25802634777,26832.466706014817,1278.1314506586943,10.197405145136683
2020-08-26,Unknown,Male,31.0,20091.03745597946,24915.446599702565,648.0979824509503,10.12328337042686
2020-08-27,Unknown,Other,35.0,68275.05973378071,28848.27072230058,1950.7159923937347,10.269839993360266
2020-08-28,East,Other,30.0,12274.4232119749,38293.24823928159,409.1474403991633,10.553054987371052
2020-08-30,North,Other,37.0,82878.61032116623,38497.16756404611,2239.9624411126006,10.5583659234041
2020-08-31,East,Male,28.0,60209.86909297316,24247.1029009723,2150.3524676061843,10.096093662417694
2020-09-01,East,Male,47.0,55595.884029809546,40382.39592865757,1182.8911495704158,10.606173987604025
2020-09-02,East,Female,49.0,51125.25802634777,30863.67567073424,1043.3726127826076,10.337367626777784
2020-09-03,West,Female,39.0,39454.056529982845,25641.69659078488,1011.6424751277652,10.152014076751959
2020-09-04,North,Other,32.0,56509.51133697572,30692.940605488897,1765.9222292804911,10.331820539680352
2020-09-05,West,Other,66.0,58671.7564621084,27064.61157842433,888.9660070016424,10.20601925562918
2020-09-06,East,Other,44.0,42163.96798659462,31131.34237679972,958.2719996953322,10.346002505603275
2020-09-07,North,Female,24.0,43488.347307560296,37581.06198517472,1812.0144711483456,10.534282140679192
2020-09-08,West,Female,56.0,41843.3085016499,29127.8440158435,747.2019375294625,10.279484165535562
2020-09-09,West,Female,29.0,51125.25802634777,26304.311471462188,1762.9399319430265,10.177526154865085
2020-09-10,East,Female,72.0,58200.3740865697,18764.837950891702,808.3385289801347,9.839793365562349
2020-09-11,North,Female,40.0,51848.454093719934,35791.78019291715,1296.2113523429985,10.485501481461638
2020-09-12,East,Female,52.0,60641.92726144783,33482.72226402725,1166.1909088739967,10.4188146971579
2020-09-13,North,Female,15.0,51125.25802634777,18180.57149072479,3408.3505350898513,9.80816380462962
2020-09-14,Unknown,Other,24.0,46726.23254385745,38354.94277920761,1946.9263559940603,10.554664756438264
2020-09-15,South,Other,56.0,34648.710344740306,18018.159673976643,618.7269704417912,9.799190897110309
2020-09-16,South,Other,43.0,54525.83769024348,40292.217912338936,1268.0427369824065,10.603938443756016
2020-09-18,East,Female,45.0,48265.66827563817,34196.65522598069,1072.5704061252927,10.43991236005647
2020-09-19,Unknown,Male,41.0,57654.18515798107,26230.04840832964,1406.1996379995383,10.174699041880281
2020-09-22,North,Other,37.0,34224.57667850447,35923.51921108173,924.9885588784991,10.489175327728422
2020-09-23,West,Female,26.0,26281.136436207787,23297.499782737625,1010.8129398541457,10.05614425047389
2020-09-24,North,Other,11.0,50541.652629951925,32674.06982355464,4594.695693631993,10.394367675400764
2020-09-25,Unknown,Female,34.0,51125.25802634777,41320.34986295036,1503.6840595984638,10.629134591212805
2020-09-26,West,Other,25.0,35457.141657200315,51990.98180556703,1418.2856662880126,10.858844789627344
2020-09-27,East,Male,71.0,51125.25802634777,27947.87025500804,720.0740567091235,10.238132057551946
2020-09-28,North,Male,32.0,43115.6467126314,38578.831061314304,1347.3639597697313,10.560484907531375
2020-09-29,North,Male,31.0,25153.507022432743,41344.805200843184,811.4034523365401,10.629726249135166
2020-09-30,West,Female,21.0,68846.54513517785,21875.95001010236,3278.406911198945,9.99318885057175
2020-10-02,East,Female,32.0,19766.00845005353,19348.153159165544,617.6877640641728,9.87040393311603
2020-10-03,Unknown,Male,60.0,41560.99577519461,38089.85515032976,692.6832629199102,10.547729510003773
2020-10-04,East,Male,42.0,40976.244778785855,33053.19779547066,975.6248756853774,10.405903850692992
2020-10-05,East,Female,39.0,74592.32989126255,30555.7555999816,1912.6238433657063,10.327341072722495
2020-10-06,East,Female,38.0,48510.609349375154,55468.33281448644,1276.5949828782934,10.923585585114793
2020-10-07,South,Male,49.0,27561.827029168737,26987.447646731987,562.4862659014028,10.203164188490295
2020-10-08,Unknown,Female,34.0,63231.57173361318,26826.544072713918,1859.7521098121524,10.197184402618456
2020-10-09,North,Male,40.0,31538.366813508783,43314.78807397795,788.4591703377196,10.67627246817877
2020-10-10,West,Female,59.0,46094.89263917358,37618.03778086783,781.2693667656539,10.535265525198513
2020-10-11,North,Other,45.0,38453.46683178685,42820.98920958555,854.5214851508189,10.664807016216127
2020-10-12,Unknown,Other,37.0,41593.1735258009,31168.693823411133,1124.139825021646,10.347201549915933
2020-10-13,West,Other,28.0,64058.87134345909,33169.42617012163,2287.8168336949675,10.409413979917701
2020-10-14,Unknown,Other,36.0,72819.95241998248,49009.35612994574,2022.7764561106244,10.799786904352315
2020-10-15,East,Other,46.0,30884.468804309323,21640.45920419304,671.4014957458548,9.982366161564741
2020-10-16,West,Male,21.0,59391.146382617255,28971.2295590834,2828.149827743679,10.274093048764545
2020-10-17,East,Other,49.0,39008.69555465006,37982.54071425445,796.0958276459196,10.544908205778121
2020-10-18,North,Other,42.0,39474.92134963887,28041.391799121626,939.8790797533064,10.24147263705144
2020-10-20,West,Other,32.0,34581.45851429457,36184.84512786522,1080.6705785717054,10.49642330277891
2020-10-21,West,Female,34.0,57059.03901162568,43358.05666491494,1678.2070297536966,10.677270879993907
2020-10-22,Unknown,Male,47.0,60951.70034764602,28591.65637194143,1296.8446882477876,10.26090519362499
2020-10-23,Unknown,Other,38.0,43512.01607451472,28314.10379189251,1145.0530545924928,10.25115064415632
2020-10-24,East,Other,33.0,69906.171530205,23523.11974316569,2118.368834248636,10.065781545822192
2020-10-25,West,Other,45.0,30907.6308190774,27040.231565942657,686.8362404239422,10.20511807519747
2020-10-26,North,Male,46.0,70181.09285917509,40836.060798301856,1525.6759317211975,10.617345300988973
2020-10-27,Unknown,Female,25.0,20840.18855772301,30810.628706936568,833.6075423089204,10.335647453125572
2020-10-29,North,Female,70.0,43906.966420672514,32623.623803236627,627.2423774381788,10.392822613623236
2020-10-30,Unknown,Other,45.0,32565.392654185733,40511.94010986041,723.6753923152385,10.609376710947979
2020-10-31,East,Other,19.0,46509.92137220002,24381.143364525717,2447.8905985368433,10.101606314040776
2020-11-01,West,Male,42.0,51125.25802634777,16713.947804044365,1217.2680482463754,9.72405867614782
2020-11-02,North,Male,18.0,55804.47948281813,51908.25159872752,3100.248860156563,10.857252311432187
2020-11-03,West,Female,78.0,70514.8599720522,16214.706499567528,904.0366663083615,9.693735588533377
2020-11-04,Unknown,Female,66.0,51125.25802634777,26409.77436144214,774.6251216113299,10.18152732562779
2020-11-05,Unknown,Male,32.0,58690.98858761005,32321.285118586697,1834.0933933628141,10.383512213062266
2020-11-06,North,Female,13.0,27008.96946656361,27275.72298755709,2077.6130358895084,10.213788979652252
2020-11-07,East,Male,29.0,65494.32099842919,29250.89155344981,2258.4248620147996,10.283699519063097
2020-11-08,South,Female,37.0,56243.545503913934,35768.38167874594,1520.0958244301064,10.48484754607475
2020-11-09,North,Male,18.0,66142.7498199548,6082.783422872064,3674.597212219711,8.713382054927036
2020-11-10,South,Male,39.0,48164.79646038342,17331.05528476149,1234.9947810354722,9.760312972605549
2020-11-11,South,Male,37.0,43472.65103217872,30442.59386070329,1174.9365143832088,10.323630868761681
2020-11-12,East,Female,41.0,62241.76154086,25957.8298802639,1518.0917448990244,10.164267095852393
2020-11-13,South,Female,42.0,30379.272176623723,31294.112582755977,723.3160042053267,10.351217216820169
2020-11-14,South,Female,28.0,23857.63502399637,32276.532826313043,852.0583937141561,10.382126689051317
2020-11-15,East,Male,40.0,49925.57023939943,8840.800045290078,1248.1392559849858,9.08724575993574
2020-11-16,South,Female,40.0,44156.05089711811,42736.40332151647,1103.9012724279528,10.662829771798556
2020-11-17,South,Female,32.0,58307.49997672319,25017.321168996503,1822.1093742725998,10.127363682209134
2020-11-18,South,Male,50.0,51125.25802634777,21344.86815223993,1022.5051605269555,9.968613470758495
2020-11-19,North,Other,40.0,57995.21118726709,32083.55295959279,1449.8802796816772,10.376129977084364
2020-11-20,North,Male,40.0,65178.54967740118,31071.602277822432,1629.4637419350295,10.34408175420078
2020-11-21,North,Female,49.0,54815.78499998246,41966.90817654638,1118.6894897955603,10.644660514164554
2020-11-22,East,Male,53.0,57418.93622481648,32718.73162770017,1083.3761551852167,10.395733588595643
2020-11-23,Unknown,Other,41.0,48250.14185251594,41581.108480243005,1176.832728110145,10.6354252691269
2020-11-24,South,Male,41.0,56975.68191522773,20618.226245722944,1389.6507784201885,9.933979232411165
2020-11-25,South,Female,60.0,51125.25802634777,31418.61055207499,852.0876337724628,10.35518751682748
2020-11-26,East,Other,35.0,54877.65194793596,18852.52292675111,1567.9329127981703,9.84445506807974
2020-11-28,North,Other,36.0,62133.93800706948,28857.120443981144,1725.9427224185968,10.270146703525848
2020-11-29,Unknown,Other,36.0,51125.25802634777,28427.02574799097,1420.1460562874381,10.255130759672806
2020-11-30,West,Male,25.0,51125.25802634777,28514.72447638367,2045.010321053911,10.258210950119851
2020-12-01,South,Male,31.0,51125.25802634777,37363.89470184597,1649.20187181767,10.5284868982645
2020-12-02,North,Female,28.0,35769.17265618312,13926.403429974203,1277.47045200654,9.541613648104944
2020-12-03,West,Male,47.0,17572.31807371054,21002.121372158275,373.87910795128806,9.952426342429652
2020-12-04,Unknown,Male,52.0,55496.85749446958,29594.281732548247,1067.2472595090303,10.295370226679049
2020-12-05,West,Other,38.0,46145.68264469751,18213.3691052875,1214.360069597303,9.809966072844334
2020-12-06,North,Male,42.0,65162.93360557759,30461.14106201044,1551.498419180419,10.32423991491814
2020-12-07,West,Other,38.0,48042.273801545096,29491.474787589254,1264.270363198555,10.2918904178403
2020-12-08,East,Other,30.0,40934.913926550325,15962.433549474168,1364.4971308850108,9.678055982544485
2020-12-09,West,Other,50.0,48862.7390627268,15468.348537457225,977.254781254536,9.6466158313331
2020-12-10,South,Female,47.0,66396.02879919816,3762.117644507344,1412.6814638127269,8.233003053593276
2020-12-11,South,Female,17.0,58630.54440788563,17793.29950318087,3448.855553405037,9.786633432358064
2020-12-12,East,Female,36.0,51125.25802634777,30143.232582106,1420.1460562874381,10.313748893047823
2020-12-13,North,Other,29.0,52786.51238130157,31561.878229408776,1820.224564872468,10.359736969451935
2020-12-14,South,Female,35.0,53536.431986021074,32018.99559628451,1529.612342457745,10.374115849020544
2020-12-15,Unknown,Female,31.0,49726.25052199221,22220.81187332619,1604.0725974836196,10.00882960232314
2020-12-16,South,Male,39.0,40836.65162647116,29816.965159785104,1047.0936314479784,10.302866348558696
2020-12-17,South,Female,36.0,67917.97811759666,33972.44609241453,1886.610503266574,10.433334501179111
2020-12-18,North,Female,35.0,68660.50922202293,17319.64450498847,1961.7288349149408,9.759654393028507
2020-12-19,West,Other,53.0,16952.59308761207,31233.2907439054,319.8602469360768,10.349271832575427
2020-12-20,South,Other,46.0,38030.60783387833,36564.812118350914,826.7523442147464,10.506868987723713
2020-12-21,East,Other,31.0,47829.0402307142,25092.278701771196,1542.8722655069096,10.130355308454265
2020-12-22,West,Other,33.0,51125.25802634777,40622.34330349603,1549.2502432226597,10.612098138578867
2020-12-23,Unknown,Other,45.0,50522.793145876494,25325.6565617503,1122.7287365750333,10.139612739090154
2020-12-25,Unknown,Female,32.0,51125.25802634777,35568.411785529206,1597.6643133233679,10.479241327991856
2020-12-26,West,Other,37.0,46829.95871673511,50332.93769466456,1265.6745599117598,10.826434834235632
2020-12-27,West,Other,62.0,48238.9871126756,30853.53618887809,778.0481792367032,10.337039058682313
2020-12-28,West,Male,40.0,49592.62349893885,36349.0780411372,1239.8155874734712,10.500951629895734
2020-12-29,Unknown,Female,62.0,58614.62661257726,24912.82778902156,945.3972034286655,10.123178261204984
2020-12-30,West,Female,53.0,51125.25802634777,17583.83780203972,964.62750993109,9.774792321211278
2020-12-31,Unknown,Female,60.0,60304.19738970833,31662.656459007336,1005.0699564951389,10.362924818206915
2021-01-01,West,Other,32.0,48903.96547389391,33243.99971787911,1528.2489210591848,10.41165965035044
2021-01-02,East,Other,37.0,33994.75120373186,26420.889096188377,918.7770595603205,10.181948078025371
2021-01-03,West,Other,34.0,49448.35541456828,36310.56518021506,1454.3633945461258,10.499891569516663
2021-01-04,Unknown,Male,53.0,34771.79895282177,23459.1999018568,656.0716783551278,10.063060643136927
2021-01-05,South,Other,33.0,50614.80184663913,20979.13734148258,1533.7818741405797,9.951331428234036
2021-01-06,West,Male,48.0,62442.108938472,40606.42930486165,1300.8772695515001,10.611706316654072
2021-01-07,South,Female,48.0,33895.56490996828,40653.47626541631,706.1576022910058,10.612864226143913
2021-01-08,East,Other,40.0,55464.10108706658,23656.56894164321,1386.6025271766644,10.071438382534042
2021-01-09,North,Male,55.0,37564.43812470188,47188.50490404822,682.9897840854887,10.7619267931216
2021-01-10,East,Male,40.0,53025.50839874821,27128.933074697507,1325.6377099687052,10.208392938812393
2021-01-11,West,Other,50.0,51125.25802634777,30847.828646439582,1022.5051605269555,10.336854059291436
2021-01-12,South,Female,34.0,18057.30388834938,29153.47458151572,531.0971731867464,10.28036368193721
2021-01-13,South,Female,31.0,33282.862596929815,35237.6021744568,1073.6407289332199,10.469897413385334
2021-01-14,Unknown,Female,48.0,44465.30832335117,32714.214938009423,926.3605900698161,10.3955955372963
2021-01-15,South,Male,45.0,54725.60733772423,32579.621615816577,1216.1246075049828,10.391472961649177
2021-01-16,Unknown,Male,42.0,47504.25005962514,19804.38368280114,1131.0535728482178,9.893709082895434
2021-01-17,North,Male,35.0,49311.78827028622,13114.376832103157,1408.908236293892,9.481540624797315
2021-01-18,West,Male,58.0,80644.76788026885,41421.60028252862,1390.4270324184283,10.631581911408079
2021-01-19,Unknown,Female,26.0,31813.140817261585,24545.540010602563,1223.5823391254455,10.108326186858527
2021-01-20,North,Other,25.0,67032.27524544156,29509.66626566522,2681.2910098176626,10.29250704530547
2021-01-21,South,Male,51.0,44750.32809268375,33267.98909889781,877.4574135820343,10.412380983786779
2021-01-22,South,Male,50.0,58242.121887481015,46290.09603349268,1164.8424377496203,10.742704911288595
2021-01-23,North,Female,44.0,81934.198336184,31613.57924642508,1862.140871276909,10.36137366173501
2021-01-24,South,Other,36.0,60330.170355281385,26052.024370759027,1675.838065424483,10.16788913912815
2021-01-25,North,Other,46.0,55587.43564685,24764.556187131428,1208.4225140619565,10.117209103366207
2021-01-27,Unknown,Female,70.0,66871.97966889787,20906.35230359387,955.3139952699695,9.947856160952066
2021-01-28,North,Other,20.0,38009.08885757846,30288.7572314901,1900.4544428789231,10.318564889181971
2021-01-29,Unknown,Male,34.0,54417.87113680784,29479.803115419854,1600.5256216708187,10.291494588653359
2021-01-30,Unknown,Other,34.0,24237.563987888607,46415.26948644151,712.8695290555472,10.745405312239745
2021-01-31,Unknown,Female,59.0,41897.69917438623,29163.98861409079,710.1304944811226,10.280724248791323
2021-02-01,East,Male,10.0,54710.79451399789,10755.118389511505,5471.079451399789,9.283230024162645
2021-02-02,West,Male,40.0,40968.41970828112,56735.10970396479,1024.2104927070282,10.946166142458585
2021-02-03,South,Female,36.0,51125.25802634777,39568.33731156097,1420.1460562874381,10.585809786995386
2021-02-04,East,Female,59.0,49799.23076520442,50823.48744095585,844.0547587322783,10.836133553663716
2021-02-05,Unknown,Female,58.0,58046.25098592564,18426.80013015516,1000.7974307918214,9.821615680010185
2021-02-06,North,Other,44.0,43637.01466957833,27781.73218743708,991.7503333995076,10.232169962351868
2021-02-07,Unknown,Other,40.0,35897.7662834493,36744.0124149432,897.4441570862325,10.511757778830466
2021-02-08,West,Male,33.0,72171.90239259892,35363.91372284459,2187.0273452302704,10.473475469847282
2021-02-09,Unknown,Female,34.0,42564.54885965083,33069.37707359552,1251.8984958720832,10.406393208196757
2021-02-10,North,Male,24.0,59900.15889675677,8003.892814994459,2495.839954031532,8.987808235584078
2021-02-11,West,Male,53.0,71528.70539708804,12875.60542435686,1349.598215039397,9.463167410912323
2021-02-12,Unknown,Male,22.0,52440.04998496298,45175.20109063872,2383.6386356801354,10.718325702614209
2021-02-13,West,Male,63.0,37155.40145835276,46953.2953286969,589.7682771167105,10.75692996775089
2021-02-14,South,Female,63.0,47320.85038178983,28933.487085636043,751.1246092347592,10.272789487416956
2021-02-15,South,Male,35.0,65263.11374910129,43904.27474406382,1864.6603928314655,10.689789745468715
2021-02-16,Unknown,Female,43.0,53093.71318606794,19767.722338567022,1234.7375159550684,9.891856287802497
2021-02-17,West,Female,39.0,31922.873116935847,22055.739465313192,818.5352081265602,10.001373478860577
2021-02-18,North,Other,50.0,58949.657503005685,18977.196781368504,1178.9931500601137,9.851046061400197
2021-02-19,Unknown,Female,55.0,61542.97203576498,21500.80454311354,1118.9631279229995,9.97589214283148
2021-02-20,South,Other,43.0,44670.32170823099,37226.96009522619,1038.8446908890928,10.52481537340286
2021-02-21,South,Female,45.0,59153.66563407119,21376.47626936556,1314.52590297936,9.970093135954208
2021-02-22,Unknown,Female,32.0,53675.27893190701,52397.43039927864,1677.352466622094,10.866631915648258
2021-02-23,West,Female,45.0,47038.55692036941,34600.70606347438,1045.301264897098,10.451658268023108
2021-02-24,South,Other,41.0,30596.963846095045,40845.27046495088,746.2674108803669,10.61757079783259
2021-02-25,West,Other,29.0,66169.30842658636,34899.40582800073,2281.7002905719432,10.460253736432387
2021-02-26,South,Male,39.0,61388.164998797496,42142.6965045928,1574.0555127896794,10.648840403126435
2021-02-27,South,Other,35.0,58758.29441562969,21320.00000461453,1678.808411875134,9.967447781711437
2021-02-28,East,Other,32.0,73167.8900551714,44469.33538199557,2286.4965642241064,10.702577625234692
2021-03-01,South,Other,26.0,64177.90590520391,31409.388855914367,2468.3809963539966,10.354893972459701
2021-03-02,North,Other,40.0,60298.49009227344,42092.66110968739,1507.462252306836,10.647652440868196
2021-03-03,Unknown,Male,30.0,16801.589779597532,15604.359466238158,560.0529926532511,9.655369689764028
2021-03-04,Unknown,Other,34.0,67953.42427703623,31805.83206608363,1998.6301257951834,10.367436390537817
2021-03-05,West,Female,52.0,51246.20771423076,31452.38716781665,985.5039945044377,10.356261956418908
2021-03-06,South,Female,47.0,54687.37520385708,23807.635350205583,1163.5611745501508,10.077803623693308
2021-03-07,North,Other,28.0,54789.99784540079,33131.18829747264,1956.7856373357424,10.40826054495302
2021-03-08,West,Other,44.0,61607.49115463419,45396.06848001515,1400.1702535144134,10.72320281101987
2021-03-09,East,Female,41.0,66832.62543202528,23038.47641036879,1630.0640349274458,10.044964389307195
2021-03-10,West,Female,60.0,59513.61714588833,39618.54356204938,991.8936190981389,10.587077799793688
2021-03-11,West,Male,56.0,57129.28383979837,18725.76943853492,1020.1657828535424,9.837709299970879
2021-03-12,South,Female,21.0,53472.69108943357,51094.44594642459,2546.31862330636,10.841450651798116
2021-03-13,East,Female,50.0,-274.15775357017264,37846.00318436709,-5.483155071403453,10.54130707962445
2021-03-14,West,Other,55.0,45686.13470824718,47251.17332258572,830.6569946954032,10.763253928109295
2021-03-15,North,Female,46.0,35876.157239740314,36720.60519093768,779.9164617334851,10.511120558129138
2021-03-16,North,Male,35.0,68161.09308408629,33906.131777293616,1947.4598024024654,10.431380648153738
2021-03-17,Unknown,Female,68.0,59285.5579742944,37929.32940485919,871.8464407984471,10.54350631919201
2021-03-18,East,Other,47.0,43127.94519179399,28635.525366458285,917.6158551445529,10.262438292711042
2021-03-19,East,Other,63.0,44634.24226596134,13821.66094441678,708.4800359676402,9.53406462179898
2021-03-20,Unknown,Female,56.0,44090.27955046368,34473.993464667925,787.3264205439943,10.447989513094202
2021-03-21,West,Other,45.0,43822.60768521621,22444.96665400245,973.835726338138,10.018866217965298
2021-03-22,East,Male,33.0,51125.25802634777,18983.38084620597,1549.2502432226597,9.851371859345365
2021-03-23,North,Male,39.0,25080.807600833483,36362.9316843861,643.0976307906021,10.50133267457939
2021-03-24,North,Female,37.0,50435.70158572616,27208.91525100306,1363.1270698844908,10.211336717145578
2021-03-25,South,Female,25.0,66129.71209039033,40277.0440660569,2645.188483615613,10.603561787213998
2021-03-26,East,Female,47.0,41934.65453858206,22110.59231240929,892.2266923102566,10.003857289006385
2021-03-27,West,Other,58.0,54551.67126386068,25291.710234861734,940.54605627346,10.138271500187903
2021-03-28,Unknown,Male,36.0,61013.91375765088,41502.960263013934,1694.8309377125245,10.633544129690257
2021-03-29,Unknown,Male,65.0,51125.25802634777,32798.426609976086,786.5424311745811,10.398166312816265
2021-03-30,West,Other,21.0,49700.368569201455,15226.719590938605,2366.6842175810216,9.630872703288889
2021-04-01,Unknown,Female,60.0,74091.7923774694,44812.38548588804,1234.8632062911568,10.710262156943418
2021-04-02,East,Female,37.0,73436.89260293171,25214.22555378533,1984.7808811603165,10.135203279693318
2021-04-03,South,Female,37.0,35114.85740187724,35980.576964529086,949.0502000507363,10.490762335463717
2021-04-04,East,Male,52.0,55788.265746264886,21506.13084844095,1072.851264351248,9.976139826495638
2021-04-05,North,Female,46.0,51125.25802634777,28632.16725030571,1111.4186527466907,10.262321018948848
2021-04-06,South,Other,16.0,62724.94250564496,40898.355364504336,3920.30890660281,10.61886958064762
2021-04-07,Unknown,Other,29.0,51223.44552476549,32192.31667754973,1766.325707750534,10.379514153391813
2021-04-08,South,Male,39.0,69598.36192646521,42892.698627156366,1784.573382729877,10.666480208979559
2021-04-10,South,Other,34.0,45453.605834079615,52187.39677200842,1336.8707598258711,10.862615465100825
2021-04-11,South,Male,23.0,36835.36370360637,14350.866307807306,1601.5375523307116,9.571635269024373
2021-04-12,East,Female,35.0,61737.40242050932,27828.066499390352,1763.9257834431235,10.233836310996178
2021-04-13,North,Female,35.0,41260.44688550822,19154.662067079487,1178.8699110145208,9.860353620206428
2021-04-14,West,Female,44.0,51125.25802634777,19837.508255417502,1161.937682416995,9.89538018927301
2021-04-15,South,Male,40.0,59265.05552398623,19928.1630619396,1481.6263880996557,9.899939418443466
2021-04-16,Unknown,Other,46.0,60473.74870666724,31677.2582205122,1314.6467110145052,10.363385864003758
2021-04-17,South,Female,44.0,51125.25802634777,32263.00934821867,1161.937682416995,10.381707626294629
2021-04-18,Unknown,Female,52.0,65849.82925659188,34274.55924995116,1266.3428703190746,10.442187820853235
2021-04-19,East,Male,50.0,56835.34503000877,18769.394398554483,1136.7069006001755,9.840036141536386
2021-04-21,West,Male,77.0,51125.25802634777,20357.05360243632,663.9643899525685,9.921231867000092
2021-04-22,North,Other,44.0,49762.70434606898,39358.81556271716,1130.9705533197496,10.580500665248634
2021-04-23,Unknown,Male,71.0,51125.25802634777,21297.324498190264,720.0740567091235,9.966383686546699
2021-04-24,Unknown,Male,44.0,63135.7379360147,27862.878480041185,1434.903134909425,10.235086450854917
2021-04-25,North,Male,39.0,55342.50315837264,35603.064413231055,1419.0385425223753,10.480215079234332
2021-04-27,South,Other,58.0,57676.06503618508,36938.78444980654,994.4149144169841,10.517044418592908
2021-04-28,Unknown,Other,59.0,37170.04228416112,45960.79735533149,630.000716680697,10.735565838146066
2021-04-29,North,Female,47.0,75304.81794538087,31897.11728725525,1602.2301690506567,10.370302267822934
2021-04-30,East,Other,53.0,75109.07627183781,39016.10914568407,1417.1523824875057,10.57175552495599
2021-05-01,North,Other,24.0,56432.18471931046,9265.791110636172,2351.341029971269,9.13419244012579
2021-05-02,East,Female,21.0,52959.50629989278,25709.480731521493,2521.881252375847,10.154653998316222
2021-05-03,West,Other,54.0,43828.68541010944,31849.00816928977,811.6423224094341,10.368792917492891
2021-05-04,South,Male,38.0,57931.23268699491,19470.34921599693,1524.5061233419713,9.87669939314029
2021-05-05,North,Male,48.0,39630.23943474835,32076.49335404092,825.629988223924,10.375909921584705
2021-05-06,Unknown,Female,31.0,16645.819535067036,40599.40556059151,536.9619204860334,10.611533334717063
2021-05-07,West,Female,59.0,9288.390492633704,11204.39371989978,157.43034733277463,9.324150523493635
2021-05-08,North,Female,21.0,38007.5250025477,18109.271341961525,1809.8821429784618,9.804234533755912
2021-05-09,Unknown,Male,23.0,52345.671843774166,31848.132707641853,2275.898775816268,10.368765430100254
2021-05-10,North,Other,57.0,54979.57600930224,34604.19729440048,964.5539650754779,10.451759160586123
2021-05-11,East,Male,8.0,42698.644872360725,37380.80374909651,5337.330609045091,10.528939334235304
2021-05-12,North,Female,44.0,52127.527507143546,31108.89478887768,1184.7165342532624,10.345281207979108
2021-05-14,North,Other,31.0,35010.30863524794,39034.80708540681,1129.3647946854173,10.572234634282925
